Variable,Importance
PC1_scaled,10.8471838299109
PC2_scaled,10.1005786053542
order,7.11748441994706
Pigmented_extract,6.77855178246506
DNA_input_ug,5.55518360081365
