Variable,Importance
DNA_input_ug,3.55088150437185
PC1_scaled,1.7641702466957
order,1.64659486398995
PC2_scaled,1.2887865930397
Pigmented_extract,0.947929615766292
