nr,learner_id,regr.mae
1,regr.featureless,5.15470556165434
2,regr.kknn,4.30827761852778
3,regr.lm,4.70751040948073
4,regr.nnet,4.57095718563417
5,regr.randomForest,4.35303655198251
6,regr.ranger,4.3451534860886
