nr,learner_id,regr.mape
1,regr.featureless,0.190195877088588
2,regr.kknn,0.154296650997765
3,regr.lm,0.170324881212947
4,regr.nnet,0.167158345834443
5,regr.randomForest,0.161269663503276
6,regr.ranger,0.156820760822216
