Variable,Importance
PC2,9.81606472991933
PC1,9.50330066473102
Pigmented_extract,9.15669587235643
DNA_input_ng,7.62553636115234
order,7.11603861054579
