Variable,Importance
DNA_input_ng,140.200370583119
PC2,127.099768088294
PC1,116.412127409354
Pigmented_extract,111.213383261181
order,107.882629060614
