Variable,Importance
DNA_input_ug,23.1363491012608
PC2_scaled,16.0134492296843
PC1_scaled,15.6077725733265
LP.vol.used,12.064385956015
order,9.93963844763689
Pigmented_extract,6.79314062923918
